Title,Company,Url,Position,Region,Salary
Entry Level Sales Agent - Chat Only - Side Hustle,Used Conex LLC,https://weworkremotely.com/remote-jobs/used-conex-llc-entry-level-sales-agent-chat-only-side-hustle,Contract,USA Only,No Salary Info
Graphic Designer,BBE Marketing Inc,https://weworkremotely.com/remote-jobs/bbe-marketing-inc-graphic-designer-1,Full-Time,Anywhere in the World,No Salary Info
Senior Designer,Orca International AG,https://weworkremotely.com/remote-jobs/orca-international-ag-senior-designer,Full-Time,Anywhere in the World,No Salary Info
Senior UI / UX Designer,Wordwall,https://weworkremotely.com/remote-jobs/wordwall-senior-ui-ux-designer-1,Full-Time,Anywhere in the World,No Salary Info
Remote UI/UX Designer,Pillser,https://weworkremotely.com/remote-jobs/pillser-remote-ui-ux-designer,Full-Time,Anywhere in the World,No Salary Info
UX/UI Consultant,Inbound Fintech,https://weworkremotely.com/remote-jobs/inbound-fintech-ux-ui-consultant,Contract,Europe Only,No Salary Info
Digital Marketing & Content Creation Specialist,DogsThat,https://weworkremotely.com/remote-jobs/dogsthat-digital-marketing-content-creation-specialist,Full-Time,Anywhere in the World,No Salary Info
Webflow Designer,Float,https://weworkremotely.com/remote-jobs/float-webflow-designer,Full-Time,Anywhere in the World,No Salary Info
Head of Design,Product Hunt,https://weworkremotely.com/remote-jobs/product-hunt-head-of-design,Full-Time,Anywhere in the World,No Salary Info
Video Content Creator,"GMass, Inc.",https://weworkremotely.com/remote-jobs/gmass-inc-video-content-creator,Contract,Anywhere in the World,No Salary Info
ðŸŽ¨ Visual Designer,MapTiler,https://weworkremotely.com/remote-jobs/maptiler-visual-designer,Full-Time,Europe Only,No Salary Info
UI/UX Designer,Files.com,https://weworkremotely.com/remote-jobs/files-com-ui-ux-designer,Full-Time,Anywhere in the World,No Salary Info
